<?xml version="1.0" encoding="UTF-8"?>
<metadata xml:lang="en"><Esri><CreaDate>20230624</CreaDate><CreaTime>18485300</CreaTime><ArcGISFormat>1.0</ArcGISFormat><SyncOnce>TRUE</SyncOnce><DataProperties><lineage><Process ToolSource="c:\program files (x86)\arcgis\desktop10.6\ArcToolbox\Toolboxes\Conversion Tools.tbx\RasterToPoint" Date="20230624" Time="184853">RasterToPoint Dem_100.tif C:\Users\BRBCo\Desktop\Ghamsari\SHP\Dem_100.shp Value</Process><Process ToolSource="c:\program files (x86)\arcgis\desktop10.6\ArcToolbox\Toolboxes\Data Management Tools.tbx\CalculateField" Date="20230625" Time="095730">CalculateField Dem_100 Z [grid_code] VB #</Process></lineage></DataProperties></Esri></metadata>
